colID,Expected
1,0.963178691058147
2,0.06219350566563693
3,0.05190304304762843
4,0.10975449988668443
5,0.048806137526100114
6,0.9534344613776357
7,0.1034987395000878
8,0.04387393406120892
9,0.052778221172964164
10,0.02804821925493639
11,0.04652711322199804
12,0.8224573592157537
13,0.9742281177071003
14,0.11637453069830633
15,0.24842896281414986
16,0.9151842839223293
17,0.6220710193138705
18,0.7862829105090081
19,0.9319100726056961
20,0.12555454101223615
21,0.038076696751610954
22,0.9694111233574428
23,0.8760262702487506
24,0.046933685470906365
25,0.04177765538508181
26,0.8511139220654548
27,0.7944069076896894
28,0.9286097479294633
29,0.8419569725078964
30,0.05225259808785918
31,0.19018595960943294
32,0.8191186581744365
33,0.08028935559266062
34,0.7635337255103692
35,0.04622990903519176
36,0.056497617490929165
37,0.9813651398352371
38,0.061296103274798446
39,0.9532242880212546
40,0.9210657458363084
41,0.04143278848761737
42,0.02759148043938819
43,0.032603249156309785
44,0.044122529848803715
45,0.08506505573780333
46,0.035396262293429646
47,0.04034685286621435
48,0.970895758076607
49,0.4647800528953499
50,0.9584854791490872
51,0.9420464955034181
52,0.8231731875777961
53,0.9807954844198453
54,0.07087865170557538
55,0.02855999455842916
56,0.9748175694118055
57,0.05617146587484985
58,0.9618381372173408
59,0.03967040570167721
60,0.04364060802854442
61,0.9046705676159577
62,0.9532654914974772
63,0.052460216993609275
64,0.04505783137638377
65,0.05165316691669608
66,0.9529820185117136
67,0.9771537536122493
68,0.9516030851732383
69,0.20223157042575185
70,0.2446993096203399
71,0.04294256292021676
72,0.9717609511910608
73,0.9561115921097797
74,0.09045689884756748
75,0.043519327485768956
76,0.9790087576103106
77,0.07175058481653745
78,0.041730570036933964
79,0.9622506646128733
80,0.9559972583979541
81,0.06211261679671661
82,0.3267921862326015
83,0.08640874234525311
84,0.5324429195409259
85,0.7169996465899551
86,0.9765838234370562
87,0.7281332777684288
88,0.9570512791880637
89,0.9791444030652283
90,0.04261451061516102
91,0.3305125650035816
92,0.2910840863071897
93,0.02241160606790584
94,0.975567212742908
95,0.9574428652480195
96,0.1575027691918541
97,0.046474766664497645
98,0.02688837184922828
99,0.09301200233909294
100,0.9602265331459368
101,0.2260869295950616
102,0.033098303384140236
103,0.21274353271759242
104,0.34248699812475714
105,0.12857561393302025
106,0.2861899818410594
107,0.9715238336890646
108,0.9447146315615236
109,0.06923450513768514
110,0.08952756182975662
111,0.45565981601386707
112,0.1455796775864955
113,0.5333181264503357
114,0.9640819669911396
115,0.06029428554898556
116,0.6020327754837728
117,0.03514520935497319
118,0.047621917763870404
119,0.023475062247805108
120,0.9664918836210437
121,0.04362760551231061
122,0.9698956357698677
123,0.9811800204472312
124,0.03665408513203593
125,0.790495545787582
126,0.9502872317097097
127,0.9484002667866587
128,0.04750363344039302
129,0.040012974598415095
130,0.031784507144033365
131,0.09478432154795738
132,0.1471423916967148
133,0.1459065440064612
134,0.07197838502638776
135,0.18029373582029518
136,0.044934526162796515
137,0.377803162177433
138,0.9548250128220186
139,0.02700197661373438
140,0.48798938712810436
141,0.46521722562350165
142,0.9600158344731966
143,0.17517428927245132
144,0.04672206118430999
145,0.9521094382589244
146,0.2803801909170398
147,0.9729139084728308
148,0.03599343204287678
149,0.9774535925609574
150,0.9070870585862552
151,0.9575730279136087
152,0.886855277535584
153,0.9775261772240742
154,0.9780919167429944
155,0.9489952276650131
156,0.08049380225311321
157,0.9055006046950059
158,0.962810331821296
159,0.03375151786104114
160,0.03919971820391347
161,0.8172846107515203
162,0.04834644185069111
163,0.3524093167721253
164,0.054742464188103794
165,0.5632008313763276
166,0.7857918076464973
167,0.0501314307663268
168,0.05397536614856648
169,0.9725742306821437
170,0.9571530425055268
171,0.06607293552833556
172,0.12123306396853377
173,0.13406846733590203
174,0.030416558116003013
175,0.981471592176922
176,0.03911454762049244
177,0.028652598441897912
178,0.9640698305568604
179,0.06685928969596058
180,0.08455382077031168
181,0.8997439949987659
182,0.050984296475814164
183,0.9673077872506723
184,0.9554373504576572
185,0.043052180536582
186,0.18902973267583562
187,0.03361051448871631
188,0.050121479493418004
189,0.9557218533754857
190,0.3689447048512563
191,0.029968271359195997
192,0.9506664817903397
193,0.10377273034008738
194,0.95869764658578
195,0.9660975208658419
196,0.05454258800682737
197,0.9522168131458344
198,0.028520638856684394
199,0.9651886087254742
200,0.8202132725763422
201,0.6862526873167509
202,0.9250327734098102
203,0.07178843041897714
204,0.30368837773551893
205,0.03940862148911718
206,0.17353568507838119
207,0.0452161128478101
208,0.9542872918769042
209,0.9668296776220756
210,0.05421112829686141
211,0.9660082579448988
212,0.9535813906348097
213,0.6613044063857769
214,0.9614751731916864
215,0.03444186427526301
216,0.05524304322609925
217,0.9537300059584337
218,0.0343147841546995
219,0.6456248802495536
220,0.03949392335019957
221,0.059274184030194375
222,0.8958706565573096
223,0.9582076716428758
224,0.9698146710550607
225,0.045734830461147694
226,0.24578612785012427
227,0.04661140678511949
228,0.9778994651588774
229,0.028656697689000317
230,0.4834263899637531
231,0.053477524875052466
232,0.17158374259801906
233,0.9492643378260994
234,0.08748155011781328
235,0.9644074438328258
236,0.3564820503078306
237,0.03890846724795695
238,0.07542009366060466
239,0.30380445883809937
240,0.009629834998640554
241,0.8191986082858126
242,0.22427924948731903
243,0.9620524112899974
244,0.02450503128297257
245,0.03618495607265565
246,0.07691483119899983
247,0.9796909592610212
248,0.9191895958308979
249,0.9855893460379903
250,0.9264983975588709
251,0.1367634282390868
252,0.0455964379243795
253,0.040370444720122974
254,0.9740480685154227
255,0.9202874987105225
256,0.039815065530059264
257,0.034245875822008456
258,0.338061231384478
259,0.034839418606737955
260,0.9490783739214633
261,0.9681180311847768
262,0.9059673762744687
263,0.06356381621069973
264,0.029370671054080318
265,0.9518334950570269
266,0.7296762890727901
267,0.038396595214515564
268,0.6324415225233077
269,0.8480920391740941
270,0.046525683531341226
271,0.03542781506116878
272,0.13120786298508677
273,0.9474619576863853
274,0.3317651858516364
275,0.9675746973987897
276,0.3623124627256477
277,0.9680882267094596
278,0.9516699276541256
279,0.9671991740730597
280,0.6524246727545988
281,0.0345211673556895
282,0.9524309075705412
283,0.8729861619059257
284,0.029943981338919307
285,0.962974948353702
286,0.353772671103499
287,0.9723818168170266
288,0.0594022025173718
289,0.5579908597743429
290,0.4200177758876584
291,0.9731116683974176
292,0.9601700350784382
293,0.20188093583648956
294,0.10566844308604492
295,0.05266621563074522
296,0.06736971798271897
297,0.975627662973444
298,0.9601926517099242
299,0.13220266875054798
300,0.5359918708074058
301,0.05113613627455035
302,0.9682510060242282
303,0.03631443375596033
304,0.894644397054939
305,0.6164002133837113
306,0.8117490573030752
307,0.9634365740889845
308,0.05877533182848299
309,0.8732558767843701
310,0.5820737524030312
311,0.5014530741263508
312,0.9856165056548547
313,0.2922367811825455
314,0.04806944591532969
315,0.04688479742257383
316,0.032211739661575194
317,0.8333371848992542
318,0.5305314847615384
319,0.020328656790979237
320,0.03713529253654989
321,0.027760480272163702
322,0.9180556945285021
323,0.07243840904771098
324,0.8996381383591049
325,0.9724134490858316
326,0.6875684506752003
327,0.7874180182480619
328,0.031236979278757102
329,0.026036431307020144
330,0.9630746391534597
331,0.9623044478070097
332,0.9708638292341019
333,0.9903755316730507
334,0.9017676484907147
335,0.9691229703678708
336,0.04075646209161492
337,0.041110620127888506
338,0.9671755433504269
339,0.9325956547950854
340,0.7190893089350692
341,0.17827305927955284
342,0.024885999556845933
343,0.9696497230995916
344,0.2711135262228905
345,0.04908899738661853
346,0.870953477203819
347,0.9481546641091725
348,0.4352207835929666
349,0.8925542147655607
350,0.9422295854644321
351,0.04353445614754428
352,0.9665523051067227
353,0.9630736445455499
354,0.025125818986076038
355,0.04327086321408278
356,0.8555730934452528
357,0.08914161817130566
358,0.18656416807943588
359,0.9146287668495682
360,0.17266205432858725
361,0.9804414858438505
362,0.05159907485603547
363,0.8285007425674977
364,0.9656961597530711
365,0.05158210359337639
366,0.970612631891172
367,0.031077743855082277
368,0.03300317558930995
369,0.9706619706130355
370,0.08996177892380282
371,0.03627362837866772
372,0.9556153606906894
373,0.5518127400209618
374,0.055501555434516306
375,0.049805248277309165
376,0.9824700060094081
377,0.03426516780970451
378,0.977033658805294
379,0.9676202125536976
380,0.04413512358993118
381,0.9621846550922263
382,0.2752979915123913
383,0.9264153431644422
384,0.9383387153839806
385,0.055624640723307577
386,0.9618026004419418
387,0.05285347729771457
388,0.8489754936041319
389,0.9240395858436321
390,0.3921227751936977
391,0.26350156289539645
392,0.9535647464497847
393,0.955198037205863
394,0.046670373000007835
395,0.9420638898717165
396,0.6321340094136484
397,0.044662736118638836
398,0.22907367302959747
399,0.7172602111491917
400,0.9764452006520119
401,0.8715226474305156
402,0.03549050859124159
403,0.07002465657990234
404,0.9455521588909013
405,0.9103221707262137
406,0.08923287411691985
407,0.747449256697763
408,0.055269070774167275
409,0.9658444833369141
410,0.18320427109514192
411,0.7758746987838405
412,0.8365141368196553
413,0.5549859767045714
414,0.14532798135552819
415,0.6786457365276137
416,0.9705783312906628
417,0.37966081428366955
418,0.9608232340758938
419,0.9540617326947209
420,0.33530120608700464
421,0.9619068521092612
422,0.038952276713875154
423,0.9650577431757907
424,0.03813294365180784
425,0.9375578369259795
426,0.05158948307614996
427,0.9636560405137684
428,0.9774364566795255
429,0.19300692057789856
430,0.054292203282362284
431,0.8129257724756466
432,0.03414816544893428
433,0.7432698900518603
434,0.042626455737488654
435,0.9388681168947558
436,0.8523589604069053
437,0.4092743701277313
438,0.9409978803076757
439,0.2370061246706838
440,0.6290953634573412
441,0.967559156470843
442,0.384450908076885
443,0.025044699740459024
444,0.9591644562881588
445,0.32260445645351904
446,0.9650918821862619
447,0.04596270087639289
448,0.043271220916563255
449,0.07922684040585518
450,0.04119496961607537
451,0.1199216242724772
452,0.9666792810605943
453,0.18580843661482066
454,0.1352157206413382
455,0.9772846633745096
456,0.03797389379318346
457,0.3493853534352628
458,0.05990109011454052
459,0.04857429824597766
460,0.6192454204652066
461,0.9553986503043204
462,0.888071785948897
463,0.975411675606343
464,0.8861441810114953
465,0.9871019801432849
466,0.49863868333551703
467,0.9577443437499918
468,0.890335806479525
469,0.04158210671635244
470,0.9606842710776573
471,0.9615744271843615
472,0.11728566244056415
473,0.034903731579652895
474,0.9576227293681436
475,0.2587674222143879
476,0.9313349611965736
477,0.036018151990292034
478,0.537428650010299
479,0.16253920125797106
480,0.6703281468429952
481,0.05664655685314712
482,0.4075761187627632
483,0.23896917702750733
484,0.9598527589992155
485,0.04413168088676795
486,0.6965127966987211
487,0.6572764340765641
488,0.9633566057965743
489,0.48076185077221834
490,0.09550525357943643
491,0.9160779655715052
492,0.05157775892146135
493,0.9069732281963557
494,0.025381743782885602
495,0.029089158369645676
496,0.014970689394798073
497,0.11482836815357544
498,0.5735197844343548
499,0.9446630203983462
500,0.20484314098555526
501,0.963178691058147
502,0.06219350566563693
503,0.05190304304762843
504,0.10975449988668443
505,0.048806137526100114
506,0.9534344613776357
507,0.1034987395000878
508,0.04387393406120892
509,0.052778221172964164
510,0.02804821925493639
511,0.04652711322199804
512,0.8224573592157537
513,0.9742281177071003
514,0.11637453069830633
515,0.24842896281414986
516,0.9151842839223293
517,0.6220710193138705
518,0.7862829105090081
519,0.9319100726056961
520,0.12555454101223615
521,0.038076696751610954
522,0.9694111233574428
523,0.8760262702487506
524,0.046933685470906365
525,0.04177765538508181
526,0.8511139220654548
527,0.7944069076896894
528,0.9286097479294633
529,0.8419569725078964
530,0.05225259808785918
531,0.19018595960943294
532,0.8191186581744365
533,0.08028935559266062
534,0.7635337255103692
535,0.04622990903519176
536,0.056497617490929165
537,0.9813651398352371
538,0.061296103274798446
539,0.9532242880212546
540,0.9210657458363084
541,0.04143278848761737
542,0.02759148043938819
543,0.032603249156309785
544,0.044122529848803715
545,0.08506505573780333
546,0.035396262293429646
547,0.04034685286621435
548,0.970895758076607
549,0.4647800528953499
550,0.9584854791490872
551,0.9420464955034181
552,0.8231731875777961
553,0.9807954844198453
554,0.07087865170557538
555,0.02855999455842916
556,0.9748175694118055
557,0.05617146587484985
558,0.9618381372173408
559,0.03967040570167721
560,0.04364060802854442
561,0.9046705676159577
562,0.9532654914974772
563,0.052460216993609275
564,0.04505783137638377
565,0.05165316691669608
566,0.9529820185117136
567,0.9771537536122493
568,0.9516030851732383
569,0.20223157042575185
570,0.2446993096203399
571,0.04294256292021676
572,0.9717609511910608
573,0.9561115921097797
574,0.09045689884756748
575,0.043519327485768956
576,0.9790087576103106
577,0.07175058481653745
578,0.041730570036933964
579,0.9622506646128733
580,0.9559972583979541
581,0.06211261679671661
582,0.3267921862326015
583,0.08640874234525311
584,0.5324429195409259
585,0.7169996465899551
586,0.9765838234370562
587,0.7281332777684288
588,0.9570512791880637
589,0.9791444030652283
590,0.04261451061516102
591,0.3305125650035816
592,0.2910840863071897
593,0.02241160606790584
594,0.975567212742908
595,0.9574428652480195
596,0.1575027691918541
597,0.046474766664497645
598,0.02688837184922828
599,0.09301200233909294
600,0.9602265331459368
601,0.2260869295950616
602,0.033098303384140236
603,0.21274353271759242
604,0.34248699812475714
605,0.12857561393302025
606,0.2861899818410594
607,0.9715238336890646
608,0.9447146315615236
609,0.06923450513768514
610,0.08952756182975662
611,0.45565981601386707
612,0.1455796775864955
613,0.5333181264503357
614,0.9640819669911396
615,0.06029428554898556
616,0.6020327754837728
617,0.03514520935497319
618,0.047621917763870404
619,0.023475062247805108
620,0.9664918836210437
621,0.04362760551231061
622,0.9698956357698677
623,0.9811800204472312
624,0.03665408513203593
625,0.790495545787582
626,0.9502872317097097
627,0.9484002667866587
628,0.04750363344039302
629,0.040012974598415095
630,0.031784507144033365
631,0.09478432154795738
632,0.1471423916967148
633,0.1459065440064612
634,0.07197838502638776
635,0.18029373582029518
636,0.044934526162796515
637,0.377803162177433
638,0.9548250128220186
639,0.02700197661373438
640,0.48798938712810436
641,0.46521722562350165
642,0.9600158344731966
643,0.17517428927245132
644,0.04672206118430999
645,0.9521094382589244
646,0.2803801909170398
647,0.9729139084728308
648,0.03599343204287678
649,0.9774535925609574
650,0.9070870585862552
651,0.9575730279136087
652,0.886855277535584
653,0.9775261772240742
654,0.9780919167429944
655,0.9489952276650131
656,0.08049380225311321
657,0.9055006046950059
658,0.962810331821296
659,0.03375151786104114
660,0.03919971820391347
661,0.8172846107515203
662,0.04834644185069111
663,0.3524093167721253
664,0.054742464188103794
665,0.5632008313763276
666,0.7857918076464973
667,0.0501314307663268
668,0.05397536614856648
669,0.9725742306821437
670,0.9571530425055268
671,0.06607293552833556
672,0.12123306396853377
673,0.13406846733590203
674,0.030416558116003013
675,0.981471592176922
676,0.03911454762049244
677,0.028652598441897912
678,0.9640698305568604
679,0.06685928969596058
680,0.08455382077031168
681,0.8997439949987659
682,0.050984296475814164
683,0.9673077872506723
684,0.9554373504576572
685,0.043052180536582
686,0.18902973267583562
687,0.03361051448871631
688,0.050121479493418004
689,0.9557218533754857
690,0.3689447048512563
691,0.029968271359195997
692,0.9506664817903397
693,0.10377273034008738
694,0.95869764658578
695,0.9660975208658419
696,0.05454258800682737
697,0.9522168131458344
698,0.028520638856684394
699,0.9651886087254742
700,0.8202132725763422
701,0.6862526873167509
702,0.9250327734098102
703,0.07178843041897714
704,0.30368837773551893
705,0.03940862148911718
706,0.17353568507838119
707,0.0452161128478101
708,0.9542872918769042
709,0.9668296776220756
710,0.05421112829686141
711,0.9660082579448988
712,0.9535813906348097
713,0.6613044063857769
714,0.9614751731916864
715,0.03444186427526301
716,0.05524304322609925
717,0.9537300059584337
718,0.0343147841546995
719,0.6456248802495536
720,0.03949392335019957
721,0.059274184030194375
722,0.8958706565573096
723,0.9582076716428758
724,0.9698146710550607
725,0.045734830461147694
726,0.24578612785012427
727,0.04661140678511949
728,0.9778994651588774
729,0.028656697689000317
730,0.4834263899637531
731,0.053477524875052466
732,0.17158374259801906
733,0.9492643378260994
734,0.08748155011781328
735,0.9644074438328258
736,0.3564820503078306
737,0.03890846724795695
738,0.07542009366060466
739,0.30380445883809937
740,0.009629834998640554
741,0.8191986082858126
742,0.22427924948731903
743,0.9620524112899974
744,0.02450503128297257
745,0.03618495607265565
746,0.07691483119899983
747,0.9796909592610212
748,0.9191895958308979
749,0.9855893460379903
750,0.9264983975588709
751,0.1367634282390868
752,0.0455964379243795
753,0.040370444720122974
754,0.9740480685154227
755,0.9202874987105225
756,0.039815065530059264
757,0.034245875822008456
758,0.338061231384478
759,0.034839418606737955
760,0.9490783739214633
761,0.9681180311847768
762,0.9059673762744687
763,0.06356381621069973
764,0.029370671054080318
765,0.9518334950570269
766,0.7296762890727901
767,0.038396595214515564
768,0.6324415225233077
769,0.8480920391740941
770,0.046525683531341226
771,0.03542781506116878
772,0.13120786298508677
773,0.9474619576863853
774,0.3317651858516364
775,0.9675746973987897
776,0.3623124627256477
777,0.9680882267094596
778,0.9516699276541256
779,0.9671991740730597
780,0.6524246727545988
781,0.0345211673556895
782,0.9524309075705412
783,0.8729861619059257
784,0.029943981338919307
785,0.962974948353702
786,0.353772671103499
787,0.9723818168170266
788,0.0594022025173718
789,0.5579908597743429
790,0.4200177758876584
791,0.9731116683974176
792,0.9601700350784382
793,0.20188093583648956
794,0.10566844308604492
795,0.05266621563074522
796,0.06736971798271897
797,0.975627662973444
798,0.9601926517099242
799,0.13220266875054798
800,0.5359918708074058
801,0.05113613627455035
802,0.9682510060242282
803,0.03631443375596033
804,0.894644397054939
805,0.6164002133837113
806,0.8117490573030752
807,0.9634365740889845
808,0.05877533182848299
809,0.8732558767843701
810,0.5820737524030312
811,0.5014530741263508
812,0.9856165056548547
813,0.2922367811825455
814,0.04806944591532969
815,0.04688479742257383
816,0.032211739661575194
817,0.8333371848992542
818,0.5305314847615384
819,0.020328656790979237
820,0.03713529253654989
821,0.027760480272163702
822,0.9180556945285021
823,0.07243840904771098
824,0.8996381383591049
825,0.9724134490858316
826,0.6875684506752003
827,0.7874180182480619
828,0.031236979278757102
829,0.026036431307020144
830,0.9630746391534597
831,0.9623044478070097
832,0.9708638292341019
833,0.9903755316730507
834,0.9017676484907147
835,0.9691229703678708
836,0.04075646209161492
837,0.041110620127888506
838,0.9671755433504269
839,0.9325956547950854
840,0.7190893089350692
841,0.17827305927955284
842,0.024885999556845933
843,0.9696497230995916
844,0.2711135262228905
845,0.04908899738661853
846,0.870953477203819
847,0.9481546641091725
848,0.4352207835929666
849,0.8925542147655607
850,0.9422295854644321
851,0.04353445614754428
852,0.9665523051067227
853,0.9630736445455499
854,0.025125818986076038
855,0.04327086321408278
856,0.8555730934452528
857,0.08914161817130566
858,0.18656416807943588
859,0.9146287668495682
860,0.17266205432858725
861,0.9804414858438505
862,0.05159907485603547
863,0.8285007425674977
864,0.9656961597530711
865,0.05158210359337639
866,0.970612631891172
867,0.031077743855082277
868,0.03300317558930995
869,0.9706619706130355
870,0.08996177892380282
871,0.03627362837866772
872,0.9556153606906894
873,0.5518127400209618
874,0.055501555434516306
875,0.049805248277309165
876,0.9824700060094081
877,0.03426516780970451
878,0.977033658805294
879,0.9676202125536976
880,0.04413512358993118
881,0.9621846550922263
882,0.2752979915123913
883,0.9264153431644422
884,0.9383387153839806
885,0.055624640723307577
886,0.9618026004419418
887,0.05285347729771457
888,0.8489754936041319
889,0.9240395858436321
890,0.3921227751936977
891,0.26350156289539645
892,0.9535647464497847
893,0.955198037205863
894,0.046670373000007835
895,0.9420638898717165
896,0.6321340094136484
897,0.044662736118638836
898,0.22907367302959747
899,0.7172602111491917
900,0.9764452006520119
901,0.8715226474305156
902,0.03549050859124159
903,0.07002465657990234
904,0.9455521588909013
905,0.9103221707262137
906,0.08923287411691985
907,0.747449256697763
908,0.055269070774167275
909,0.9658444833369141
910,0.18320427109514192
911,0.7758746987838405
912,0.8365141368196553
913,0.5549859767045714
914,0.14532798135552819
915,0.6786457365276137
916,0.9705783312906628
917,0.37966081428366955
918,0.9608232340758938
919,0.9540617326947209
920,0.33530120608700464
921,0.9619068521092612
922,0.038952276713875154
923,0.9650577431757907
924,0.03813294365180784
925,0.9375578369259795
926,0.05158948307614996
927,0.9636560405137684
928,0.9774364566795255
929,0.19300692057789856
930,0.054292203282362284
931,0.8129257724756466
932,0.03414816544893428
933,0.7432698900518603
934,0.042626455737488654
935,0.9388681168947558
936,0.8523589604069053
937,0.4092743701277313
938,0.9409978803076757
939,0.2370061246706838
940,0.6290953634573412
941,0.967559156470843
942,0.384450908076885
943,0.025044699740459024
944,0.9591644562881588
945,0.32260445645351904
946,0.9650918821862619
947,0.04596270087639289
948,0.043271220916563255
949,0.07922684040585518
950,0.04119496961607537
951,0.1199216242724772
952,0.9666792810605943
953,0.18580843661482066
954,0.1352157206413382
955,0.9772846633745096
956,0.03797389379318346
957,0.3493853534352628
958,0.05990109011454052
959,0.04857429824597766
960,0.6192454204652066
961,0.9553986503043204
962,0.888071785948897
963,0.975411675606343
964,0.8861441810114953
965,0.9871019801432849
966,0.49863868333551703
967,0.9577443437499918
968,0.890335806479525
969,0.04158210671635244
970,0.9606842710776573
971,0.9615744271843615
972,0.11728566244056415
973,0.034903731579652895
974,0.9576227293681436
975,0.2587674222143879
976,0.9313349611965736
977,0.036018151990292034
978,0.537428650010299
979,0.16253920125797106
980,0.6703281468429952
981,0.05664655685314712
982,0.4075761187627632
983,0.23896917702750733
984,0.9598527589992155
985,0.04413168088676795
986,0.6965127966987211
987,0.6572764340765641
988,0.9633566057965743
989,0.48076185077221834
990,0.09550525357943643
991,0.9160779655715052
992,0.05157775892146135
993,0.9069732281963557
994,0.025381743782885602
995,0.029089158369645676
996,0.014970689394798073
997,0.11482836815357544
998,0.5735197844343548
999,0.9446630203983462
1000,0.20484314098555526
